image_path,scan_id,label_name,usable_prob,unusable_prob,qres,qssim,qpsnr,recommendation_score,pred_label,pred_prob,recommend_rank,export_order,export_path
final_dataset_link\usable\7b76359b-5d35-4b2b-868f-0988cce51784.mha_p_3.png,7b76359b-5d35-4b2b-868f-0988cce51784.mha,usable,0.9996954202651978,0.00030464932206086814,0.6308176517486572,1.0,1.0,0.9076282680034637,usable,0.9996954202651978,1,1,picture2\01_usable_7b76359b-5d35-4b2b-868f-0988cce51784.mha_p_3_P1.000_RI0.908.png
final_dataset_link\usable\7b76359b-5d35-4b2b-868f-0988cce51784.mha_p_4.png,7b76359b-5d35-4b2b-868f-0988cce51784.mha,usable,0.8183952569961548,0.1816047579050064,0.8829135298728943,0.5980416536331177,0.04008365795016289,0.5848585246130824,usable,0.8183952569961548,2,2,picture2\02_usable_7b76359b-5d35-4b2b-868f-0988cce51784.mha_p_4_P0.818_RI0.585.png
final_dataset_link\usable\7b76359b-5d35-4b2b-868f-0988cce51784.mha_p_0.png,7b76359b-5d35-4b2b-868f-0988cce51784.mha,usable,0.9985112547874451,0.0014886906137689948,0.7933988571166992,0.39460960030555725,0.019680457189679146,0.5515500423498452,usable,0.9985112547874451,3,3,picture2\03_usable_7b76359b-5d35-4b2b-868f-0988cce51784.mha_p_0_P0.999_RI0.552.png
final_dataset_link\unusable\7b76359b-5d35-4b2b-868f-0988cce51784.mha_n_5.png,7b76359b-5d35-4b2b-868f-0988cce51784.mha,unusable,0.0057291304692626,0.994270920753479,1.0,0.3885327875614166,0.01715155877172947,0.3528533692006022,unusable,0.994270920753479,6,4,picture2\04_unusable_7b76359b-5d35-4b2b-868f-0988cce51784.mha_n_5_P0.006_RI0.353.png
final_dataset_link\unusable\7b76359b-5d35-4b2b-868f-0988cce51784.mha_n_1.png,7b76359b-5d35-4b2b-868f-0988cce51784.mha,unusable,0.0022502096835523844,0.9977497458457947,0.8166442513465881,0.45946815609931946,0.027937214821577072,0.32657495798775926,unusable,0.9977497458457947,7,5,picture2\05_unusable_7b76359b-5d35-4b2b-868f-0988cce51784.mha_n_1_P0.002_RI0.327.png
final_dataset_link\unusable\7b76359b-5d35-4b2b-868f-0988cce51784.mha_n_6.png,7b76359b-5d35-4b2b-868f-0988cce51784.mha,unusable,0.00033704342786222696,0.9996629953384399,0.913017988204956,0.25058045983314514,0.0,0.29098387286649086,unusable,0.9996629953384399,8,6,picture2\06_unusable_7b76359b-5d35-4b2b-868f-0988cce51784.mha_n_6_P0.000_RI0.291.png
