image_path,gt_label,scan_id,frame_idx,DAF_gt_prob,other_max_gt_prob,other_mean_gt_prob,main_mean_advantage,main_advantage,other_wrong_count,main_rank_by_gt_prob,selection_reason
data/final_dataset_link/usable/23d90415-7355-4677-83aa-a214f6b17c03.mha_p_0.png,usable,23d90415-7355-4677-83aa-a214f6b17c03.mha,0,0.992552638053894,0.9999904632568359,0.547184138812802,0.445368499241092,-0.0074378252029418945,5,3.0,other_methods_wrong
data/final_dataset_link/usable/97363a66-8aec-4b52-8797-514e8c98205b.mha_p_1.png,usable,97363a66-8aec-4b52-8797-514e8c98205b.mha,1,0.997796893119812,0.9999996423721313,0.74759863096882,0.25019826215099206,-0.002202749252319336,2,2.0,other_methods_wrong
data/final_dataset_link/unusable/970b5275-ac9c-4844-abf5-d291becaf186.mha_n_0.png,unusable,970b5275-ac9c-4844-abf5-d291becaf186.mha,0,0.9990779161453247,0.9990783929824829,0.49768445784734056,0.5013934582979842,-4.76837158203125e-07,6,2.0,other_methods_wrong
data/final_dataset_link/unusable/5d8f1a4a-dc8a-402a-b8ac-64773efbd299.mha_n_1.png,unusable,5d8f1a4a-dc8a-402a-b8ac-64773efbd299.mha,1,0.9991576671600342,0.9999418258666992,0.9083768779581244,0.0907807892019098,-0.0007841587066650391,1,3.0,other_methods_wrong
